{"cameraMode":{"drawMode":0,"name":"Shaded","section":"Shading Mode"},"sceneLighting":false,"audioPlay":false,"sceneViewState":{"m_AlwaysRefresh":false,"showFog":true,"showSkybox":false,"showFlares":true,"showImageEffects":true,"showParticleSystems":true,"showVisualEffectGraphs":true,"m_FxEnabled":true},"in2DMode":false,"pivot":{"x":0.0001264810562133789,"y":-0.0068631768226623539,"z":2.841444730758667},"rotation":{"x":-0.11173323541879654,"y":0.8877264261245728,"z":-0.29892921447753909,"w":-0.3318127989768982},"size":1.640318751335144,"orthographic":false}