{"cameraMode":{"drawMode":0,"name":"Shaded","section":"Shading Mode"},"sceneLighting":false,"audioPlay":false,"sceneViewState":{"m_AlwaysRefresh":false,"showFog":true,"showSkybox":false,"showFlares":true,"showImageEffects":true,"showParticleSystems":true,"showVisualEffectGraphs":true,"m_FxEnabled":true},"in2DMode":false,"pivot":{"x":0.004374027252197266,"y":0.5172370672225952,"z":0.18371397256851197},"rotation":{"x":-0.035324010998010638,"y":0.9585129618644714,"z":-0.24761924147605897,"w":-0.13673743605613709},"size":1.9125988483428956,"orthographic":false}